PPO before,AC before,VPG before,random,PPO after,AC after,VPG after,baseline
-100.0,-345.0,-140.47240841388702,-360.0,2909.4108807444572,1786.7054248452187,1460.9215103387833,2073.3415991067886
-300.0,-510.0,-600.0,-600.0,-102.70953714847565,1257.6480596661568,1104.8916211128235,2761.8465629816055
-105.0,-142.0,-129.59303486347198,-100.0,3409.0388895869255,1843.1721923351288,2252.7458848953247,2524.0775008797646
-600.0,-131.0,-665.0,-100.0,-122.94028806686401,1322.2500322461128,2353.090886592865,2014.8056066036224
-118.49955326318741,-153.49700093269348,-608.4970009326935,-119.0,3502.2968621253967,2637.986866772175,2040.266535282135,2491.3719019293785
-221.50548934936523,-537.2056213617325,-333.00848841667175,-217.11681866645813,4517.51627099514,1544.481522321701,2139.628392636776,2286.8164145946503
-144.12243008613586,-375.32676124572754,-648.5630922317505,-620.0,4169.61126023531,1658.7986803650856,1606.8518871068954,2480.845365524292
-283.00848841667175,-600.0,-140.0,-360.0,3652.7794886231422,1431.2821611166,2114.2554111480713,2253.8772279024124
-221.50548934936523,-340.0,-180.0,-282.53238260746,3411.0214337706566,1673.08638048172,1674.2783371210098,-150.1868281364441
-100.0,-620.0,-290.0,-100.0,2802.8682656884193,2126.997467160225,1581.22557669878,3138.650141298771
-200.0,-521.5054893493652,-100.0,-620.0,4484.264577150345,1123.811635196209,1095.2918596863747,2239.2534336447716
-100.0,-220.0,-221.50548934936523,-600.0,3715.935988485813,2342.380343079567,1646.0439567565918,2823.270442008972
-126.50548934936523,-112.0,-300.0,-100.0,3942.30935049057,1410.4903907179832,1183.0344179272652,2140.252952337265
-290.0,-510.0,-109.2250428199768,-300.0,4593.711761832237,-132.05075216293335,1096.8976230025291,2603.289889395237
-100.0,-557.2056213617325,-665.0,-600.0,4732.607286930084,1389.6357493400574,1923.404621720314,-117.18161046504974
-226.0706901550293,-510.0,-600.0,-196.07334554195404,-107.99912691116333,1580.8868580460548,1628.5015823245049,2470.095367193222
-100.0,-102.0,-100.0,-600.0,4814.188317835331,1590.0243279337883,1705.2429003119469,-117.32676124572754
-112.07334554195404,-333.00848841667175,-290.0,-100.0,3038.0597663521767,1506.6544812321663,1754.3142350316048,-109.0
-300.0,-112.0,-300.0,-627.2056213617325,4598.988023757935,1140.5462688803673,1836.9373875260353,2472.379579424858
-131.0,-140.0,-237.20562136173248,-173.05724143981934,4529.343128919601,2028.0614185929298,1196.043349981308,2867.6014453172684
-600.0,-300.0,-310.5630922317505,-150.0,-107.46743303537369,-111.20118796825409,1934.0597059130669,1411.4353237748146
-185.62542915344238,-104.32676124572754,-600.0,-105.0,-106.67202496528625,1919.3149206638336,-137.58250838518143,-101.97540748119354
-107.20562136173248,-510.0,-600.0,-115.0,4523.366058766842,1515.8012977838516,1723.8534609675407,2210.914005637169
-100.0,-131.0,-165.0,-300.0,2713.230801463127,1224.8622655272484,1931.423907995224,-101.74571764469147
-553.4970009326935,-340.0,-300.0,-151.40010678768158,3295.136105298996,940.6288838982582,2197.4422720074654,2729.131698191166
-107.0323241353035,-510.0,-157.88985347747803,-172.0,2630.7619863152504,1742.5494433045387,1743.1689916849136,2456.188085436821
-503.66030633449554,-600.0,-109.97540748119354,-100.0,2564.475749731064,1487.8353902697563,1266.9766373634338,1890.6176835894585
-104.0,-510.0,-160.5630922317505,-135.0,4674.062699973583,1503.9335698485374,1800.5288156867027,2302.8595609664917
-300.0,-300.0,-333.00848841667175,-121.76871359348297,-150.23832136392593,2026.0600914359093,2576.4385733008385,2484.3881047964096
-600.0,-600.0,-361.07334554195404,-100.0,3760.1859689354897,1626.3984489440918,1411.5233255028725,2318.869546890259
-105.62473928928375,-146.0,-361.07334554195404,-360.0,3458.2720539569855,1929.4971189498901,2424.3562830090523,-114.49163222312927
-31.361844301223755,-600.0,-121.0,-341.97540748119354,4567.807729661465,-124.53448182344437,2013.588715314865,2879.0548369288445
-100.0,-300.0,-146.0,-665.0,4275.225503444672,1144.7408115267754,1700.7806184887886,2028.193768441677
-100.0,-171.0,-120.0,-135.0,-102.78961497545242,2396.460034072399,1438.1770929694176,2376.535729765892
-123.92466020584106,-111.07334554195404,-165.0,-101.03843104839325,-119.60583317279816,2353.3613691926003,2080.5048966407776,1854.9789410233498
-185.62542915344238,-131.69083058834076,-300.0,-364.0,3555.3310245871544,1498.8786356449127,1295.2718985676765,-109.0
-300.0,-665.0,-600.0,-100.0,3219.3582377433777,1472.2358757257462,1615.060028910637,-108.87099558115005
-100.0,-510.0,-600.0,-221.50548934936523,4687.089446723461,2417.8378574848175,2740.7135642170906,1905.6168370246887
-171.0,-600.0,-326.6987746953964,-431.181028842926,4107.832096338272,1270.7519012093544,1057.07672560215,2214.5706941485405
-300.0,-510.0,-142.0,-165.0,4813.4381982684135,-112.26788353919983,1809.165123462677,1280.032996416092
-100.0,-510.0,-583.1224300861359,-300.0,-117.82497471570969,1494.8035858869553,1677.1439205408096,2018.7301670312881
-146.0,-188.0,-600.0,-365.0,1861.7947327494621,1260.2238292694092,1788.114681482315,-101.97540748119354
-137.0639669895172,-105.0,-237.20562136173248,-171.0,3150.6046221852303,1669.2117089033127,1243.4463211894035,1232.3474692702293
-100.0,-600.0,-348.5630922317505,-300.0,2572.30282831192,1829.1629596948624,1721.3178245425224,1946.096320271492
-100.0,-600.0,-600.0,-113.82376217842102,-125.9127910733223,1567.7186179757118,2031.5400918126106,2806.243362545967
-100.0,-425.5630922317505,-365.0,-522.2056213617325,4527.525790512562,784.8042348623276,1140.150240957737,2132.669111430645
-5.78786164522171,-646.0,-117.0,-115.9838958978653,-159.58447855710983,-106.7737700343132,912.6969377994537,2709.9563696980476
-120.0,-600.0,-600.0,-615.0,4047.732091665268,1354.9040411114693,2256.178889632225,2364.075441837311
-523.9911069869995,-553.4970009326935,-600.0,-665.0,4198.60387301445,1801.3737571239471,1287.9153252840042,3393.232976734638
-153.49700093269348,-425.5630922317505,-100.0,-100.0,2613.347858607769,2197.200192153454,1815.0234097838402,1705.3722723722458
-140.0,-108.00848841667175,-300.0,-300.0,2720.282792568207,1424.5833442807198,1147.2111280560493,-117.32676124572754
-100.0,-620.0,-567.5788348913193,-300.0,2836.979255616665,1922.4598145484924,1642.3239668011665,2108.7401371002197
-300.0,-510.0,-600.0,-355.0,3409.7702083587646,1925.2688562870026,643.4660325050354,1564.265250325203
-127.20562136173248,-108.00848841667175,-600.0,-140.15563195943832,3455.604311943054,1858.2201579213142,1771.5424343943596,2358.9220329523087
-237.20562136173248,-600.0,-198.49700093269348,-638.0084884166718,2780.652595758438,1595.1247268915176,1321.8252322673798,2911.486236989498
-300.0,-340.0,-305.6254291534424,-300.0,4480.504964768887,1999.3559330105782,2388.3748827576637,2545.847301840782
-200.0,-300.0,-364.00848841667175,-180.0,4479.24309694767,1399.1856299638748,1798.1865960359573,2863.447975933552
-205.0,-131.0,-107.56309223175049,-665.0,3918.268881559372,1671.336234152317,1267.707488000393,3237.9320111870766
-200.0,-600.0,-600.0,-600.0,2647.355346083641,1980.313889324665,-111.11945396661758,-106.67045211791992
-133.07334554195404,-600.0,-112.71671187877655,-138.00848841667175,1951.9122079610825,2003.052833199501,2442.976981461048,-126.83562123775482
-49.42291074991226,-304.0,-150.0,-108.0,-110.18443667888641,1755.6953592896461,1384.641131222248,1971.2524312138557
-100.0,-131.0,-600.0,-315.0,3010.423972129822,1656.8933042883873,2056.1978261470795,-101.97540748119354
-100.0,-600.0,-300.0,-360.0,4391.987174868584,-101.6186094880104,1197.8874951004982,1977.8364370465279
-103.76997482776642,-665.0,-100.0,-100.0,2584.534306526184,1417.6967325210571,2122.407935678959,2464.2438694238663
-100.0,-600.0,-120.0,-127.0,4791.925061404705,1013.7221020460129,2047.142860352993,2288.301872909069
-125.82376217842102,-600.0,-196.0,-300.0,2852.1386370658875,2589.2897537350655,1423.88299202919,2951.228036224842
-100.0,-142.0,-305.6254291534424,-600.0,-104.58794581890106,1245.2247101664543,1710.3547737002373,1636.7141025662422
-300.0,-131.0,-367.4970009326935,-300.0,3692.525528550148,498.78611797094345,1930.4724922776222,3249.263061285019
-100.0,-131.0,-293.4970009326935,-627.0,2546.003938138485,2034.0675074458122,2294.7600271105766,2305.796246945858
-210.51497131586075,-600.0,-600.0,-150.0,4120.332388997078,2128.5872809290886,1053.4492081999779,2176.6377492547035
-349.5703464746475,-510.0,-607.181028842926,-154.00848841667175,4183.713027536869,2426.1001176834106,3019.4444766044617,2232.1533892154694
-521.5054893493652,-340.0,-140.0,-142.0,-300.0,-113.24468582868576,1491.7379533052444,-101.97540748119354
-100.0,-135.0,-600.0,-511.0,-221.50548934936523,-125.87369757890701,1564.2949219942093,2356.88756108284
-100.0,-600.0,-136.07334554195404,-286.2056213617325,3627.214884340763,1885.9549459815025,1717.5963860750198,-112.31647175550461
-100.0,-615.0,-600.0,-131.0,4823.317118763924,1988.9984846115112,1060.0682463645935,-101.70217138528824
-100.0,-510.0,-600.0,-117.0,3676.5834495425224,1226.9048976898193,1608.07906550169,3080.559176683426
-100.0,-126.07334554195404,-100.0,-100.0,4686.49283182621,1833.1632065176964,2182.845933139324,2148.8076442480087
-100.0,-600.0,-105.0,-300.0,2819.3154121637344,1168.3431249856949,1262.70356798172,2264.0073983073235
-620.0,-340.0,-300.0,-600.0,4445.990556538105,1742.9631341695786,1845.6858472824097,-109.0
-600.0,-600.0,-324.12243008613586,-600.0,4125.401920258999,1019.6448780298233,1739.7268839478493,2766.306536912918
-340.0,-290.0,-600.0,-237.20562136173248,3626.086829662323,1738.5770300030708,1889.2462158799171,2499.959502518177
-253.49700093269348,-600.0,-602.6931217908859,-290.0,4453.870845913887,1521.1245686411858,2133.138335943222,1661.43868881464
-100.0,-131.0,-192.20562136173248,-100.0,4249.264320790768,1853.6959877610207,-115.12178111076355,2161.8434225320816
-166.3101898431778,-137.0,-117.27896690368652,-300.0,3613.166872382164,2147.385625720024,1513.4471407532692,2858.009391129017
-100.0,-600.0,-620.0,-160.27896690368652,4695.778523862362,1587.92614620924,1636.5349029302597,2305.6719567775726
-100.0,-131.0,-153.49700093269348,-228.6332277059555,3679.680079162121,2193.7136036753654,-131.13110637664795,2065.300726354122
-537.2056213617325,-620.0,-365.0,-100.0,3337.6486943364143,-132.07334554195404,833.8845633864403,2162.7280321121216
-100.0,-600.0,-364.00848841667175,-600.0,3521.70541626215,1453.653993487358,1931.2456047534943,2134.903477728367
-100.0,-493.4970009326935,-283.2789669036865,-112.20562136173248,-101.81216394901276,2065.5087788701057,2008.0442062020302,1752.2333353757858
-300.0,-600.0,-290.0,-100.0,3337.489771068096,2108.728571534157,1334.6881449818611,2311.4110463261604
-105.41433185338974,-531.073345541954,-150.0,-352.50548934936523,-104.64211940765381,1841.5907514095306,2023.3546368479729,2827.7956703305244
-100.0,-299.0407475233078,-600.0,-310.5630922317505,4602.750389099121,1535.8586085438728,1719.397195160389,2470.4491429924965
-24.542688250541687,-147.4510953426361,-300.0,-100.0,4535.962384045124,858.9214122891426,2375.7731515169144,-109.0
-122.47240841388702,-600.0,-600.0,-126.07334554195404,-147.38756388425827,1905.02040797472,1653.160048007965,3080.6624747514725
-600.0,-122.47240841388702,-584.4970009326935,-135.0,-103.27188497781754,1872.475090622902,961.3562670946121,1273.1220481395721
-139.92233324050903,-151.40010678768158,-100.0,-300.0,2765.29432952404,1475.4565125107765,1510.4998674988747,2027.615018427372
-105.0,-131.0,-665.0,-165.0,4408.226597547531,681.4331384301186,1852.0223378539085,-101.97540748119354
-327.0,-138.32676124572754,-320.0,-100.0,4630.299593508244,2326.527422428131,1377.1092894673347,1948.6459617614746
-300.0,-510.0,-108.57158064842224,-600.0,2514.020921587944,1574.8289034366608,1221.930045068264,2915.5181552171707
-365.0,-300.0,-253.49700093269348,-100.0,2663.515723466873,1692.7089451551437,2052.3971324563026,-105.32603484392166
-100.0,-600.0,-600.0,-300.0,4397.985113024712,2497.5992808938026,2029.7833108901978,-104.52591478824615
-603.0084884166718,-300.0,-111.07334554195404,-205.0,4549.20132124424,1512.6721587777138,1484.2198269963264,-101.97540748119354
-114.71671187877655,-510.0,-196.0,-131.0,4408.895458161831,1730.3414546251297,1655.369287610054,2655.307247877121
-300.0,-132.0,-340.0,-100.0,3308.305537045002,1135.635352551937,1576.5657424330711,2395.975660264492
-109.90774554014206,-131.0,-600.0,-100.0,3946.659024000168,1511.1039398908615,1334.801186800003,2682.4400631189346
-100.0,-139.5630922317505,-281.50548934936523,-145.0,3217.787564456463,1260.6036629676819,2262.499061882496,2317.7671523690224
-340.0,-600.0,-174.20562136173248,-300.0,3068.2920736074448,1764.519554078579,2256.080633878708,2435.3986444473267
-100.0,-128.0,-121.02484607696533,-300.0,3198.981854021549,1329.0270743370056,1853.3329167962074,2380.280927300453
-100.0,-131.0,-627.0,-100.0,4082.7932122945786,1603.8491593003273,1966.0107359290123,2876.543030798435
-124.12243008613586,-105.0,-106.83225059509277,-123.00848841667175,4616.690966784954,982.1805680394173,1632.1323900222778,1894.9065937399864
-633.0084884166718,-112.0,-139.9838958978653,-300.0,2870.9451778531075,1994.9062145352364,1359.1300922632217,2134.8301235437393
-100.0,-404.06009316444397,-123.00848841667175,-100.0,4248.604124009609,1863.1867045164108,2405.4672371149063,2162.3709049224854
-100.0,-131.0,-600.0,-100.0,4558.602633297443,1459.0097975730896,1523.200812637806,1979.9151679873466
-300.0,-102.82376217842102,-115.0,-150.0,4136.439792394638,1301.7601514458656,1966.2722244262695,1958.9743664860725
-140.0,-112.0,-600.0,-300.0,4439.361615598202,1764.7602099180222,1494.6056759953499,-120.16095113754272
-300.0,-131.0,-300.0,-115.0,2716.013455748558,1967.3185134530067,1309.092464864254,2619.096341609955
-100.0,-600.0,-300.0,-188.20562136173248,4143.558358073235,1384.7910598516464,1084.7165346741676,2245.5177164673805
-100.0,-626.6987746953964,-300.0,-172.0,2207.75955337286,2023.9261720180511,-122.6189677119255,-109.0
-133.00848841667175,-615.0,-600.0,-600.0,4495.913331985474,1758.5580072402954,2223.8373343348503,1948.6859639286995
-600.0,-600.0,-137.01584523916245,-155.0,4440.164529681206,1876.8294991254807,1954.0636317133904,2543.9679758548737
-100.0,-510.0,-100.0,-300.0,3713.3404515981674,1544.3330849409103,1679.844984471798,2519.9450660943985
-100.0,-290.0,-665.0,-600.0,2831.1671317219734,1950.6313843727112,1899.7595017552376,1793.783915579319
-105.94313859939575,-340.0,-296.0,-283.00848841667175,-265.88271152973175,1627.2230061292648,1637.3517488241196,1956.4705880880356
-600.0,-290.0,-316.57158064842224,-126.07334554195404,-211.1743724346161,1704.2471888661385,1078.2126241922379,1534.4493091106415
-100.0,-100.0,-300.0,-100.0,2372.3448828458786,1171.9634563326836,2269.276693224907,1891.2240085601807
-307.0831549167633,-157.0,-300.0,-363.0382937192917,1431.4722735881805,1165.1535077691078,1892.9755660295486,2576.9930177927017
-100.0,-146.0,-600.0,-100.0,1965.5378322005272,1767.210590004921,1658.721940934658,2576.0506920814514
-537.2056213617325,-510.0,-100.0,-100.0,3707.458600759506,1482.2556804418564,1585.4745318889618,-109.0
-100.0,-105.0,-300.0,-143.0,4123.4252443909645,797.7391443252563,1682.867680966854,-105.24891531467438
-574.0685815811157,-600.0,-300.0,-100.0,3437.4414804577827,1256.5889882445335,1525.5087547898293,3027.5663546919823
-300.0,-600.0,-237.20562136173248,-112.0,3204.686652958393,1178.0665407180786,1168.912889778614,1754.3360652923584
-600.0,-527.9874948263168,-140.0,-300.0,-109.15371942520142,1586.8275938630104,1093.6768835186958,-130.17217469215393
-100.0,-135.0,-161.07334554195404,-126.49700093269348,4361.994227349758,2168.074688255787,1244.5878689289093,-104.2720155119896
-100.0,-525.0,-300.0,-600.0,4156.718523859978,1985.2809405326843,1468.547352194786,-109.0
-537.2056213617325,-114.0,-333.00848841667175,-360.0,3470.333504796028,1945.3045220971107,2542.8207287192345,-109.0
-107.83105051517487,-600.0,-298.5630922317505,-100.0,1525.8592268824577,1075.5892063379288,2401.8995907902718,1895.085700392723
77.49525254964828,-600.0,-300.0,-600.0,3640.8799924254417,1435.4812183976173,1685.5485844612122,2723.9991664886475
-100.0,-112.0,-600.0,-315.0,2862.619116783142,2173.4498326182365,1824.7300838828087,1784.1717674136162
-340.0,-173.3303057551384,-553.4970009326935,-100.0,4870.5604211091995,2188.3205165863037,1987.9978004097939,2565.142228245735
-100.0,-290.0,-329.0818339586258,-244.0,3573.698632776737,1357.1449491977692,1651.187027156353,2039.9989140629768
-100.0,-600.0,-600.0,-100.0,4473.42688947916,-107.68038558959961,-103.21501100063324,-110.30216872692108
-600.0,-304.0,-196.0,-135.0,4214.358836114407,1536.7126150727272,1789.7423993349075,2896.9531539678574
-100.0,-112.0,-196.0,-300.0,3674.1417919397354,1997.733144044876,1412.5817286968231,2268.437733590603
-253.49700093269348,-633.0084884166718,-583.2789669036865,-200.0,2998.476494848728,1697.694865822792,1245.5697963237762,-136.1969085931778
-100.0,-131.0,-100.0,-100.0,4637.09067761898,-125.68125474452972,1668.1390172243118,2343.582358121872
-100.0,-153.49700093269348,-333.00848841667175,-157.0,3982.6836832761765,1154.4856318235397,2203.0332293510437,2687.485284924507
-600.0,-600.0,-196.0,-171.0,4851.667469799519,1891.5489609241486,1488.1606812477112,2249.097357571125
-146.0,-131.0,-379.0818339586258,-510.0,3336.3388653993607,-147.92294651269913,1723.81603205204,-109.0
-670.0,-131.0,-665.0,-237.20562136173248,4396.393999636173,1989.5819796919823,2495.759387433529,2176.581237733364
-100.0,-348.41371381282806,-600.0,-633.0084884166718,2906.6837601065636,1740.2860411405563,2010.3098688721657,2297.6461231708527
-233.81274282932281,-300.0,-300.0,-157.0,2841.946258723736,-102.30481725931168,-123.89301657676697,2563.187311589718
-100.0,-600.0,-130.00848841667175,-123.00848841667175,2853.886575460434,1895.9590046405792,1724.8801513314247,1691.9439601302147
-102.19312256574631,-140.0,-300.0,-200.0,4577.651488006115,2172.319195687771,1508.3360773921013,-102.77635753154755
-232.0,-131.0,-360.0,-600.0,2537.959531545639,1771.2866408228874,2040.0051809549332,2566.4942056536674
-237.20562136173248,-135.0,-365.0,-100.0,2534.686122894287,1620.7943367362022,1430.6079179644585,2083.360738694668
-120.0,-102.0,-537.2056213617325,-600.0,2569.5817079544067,1473.8964433670044,1907.4613829255104,2537.180681884289
-119.0,-131.0,-600.0,-615.0,1907.8378720283508,1495.782558441162,1696.000148832798,2514.6193854808807
-100.0,-600.0,-300.0,-102.86635494232178,4236.015529513359,2049.065367937088,1691.1695610284805,-101.26050877571106
-274.5324087738991,-620.0,-300.0,-290.0,2752.4288981556892,1973.6809054613113,-133.11810284852982,2626.745572566986
-600.0,-340.0,-633.0084884166718,-300.0,-100.10377240180969,1965.050778567791,1685.0006497502327,2220.6747249364853
-300.0,-510.0,-201.91790288686752,-157.0,2224.2002158761024,1450.0264086723328,2145.1529502868652,1567.8332304358482
-134.00848841667175,-510.0,-600.0,-300.0,2650.992176055908,1701.1010506749153,1827.1035597920418,1517.7680574655533
-313.4970009326935,-510.0,-133.00848841667175,-225.0,3788.249717414379,1531.4459085464478,1632.1554778814316,1722.0536810159683
-627.0,-142.0,-600.0,-600.0,3129.8925389647484,1515.7618514299393,2138.242966532707,1717.892322421074
-205.06858158111572,-600.0,-300.0,-115.0,2613.9896334409714,1471.5057125091553,-124.91001564264297,1935.488775074482
-105.0,-139.49700093269348,-627.0,-537.2056213617325,3455.705840587616,1220.3149478435516,2229.5310137867928,-109.0
-100.0,-108.00848841667175,-100.0,-100.0,-115.32676124572754,1632.349364221096,1781.4639170765877,1695.0135288834572
-305.0685815811157,-142.0,-600.0,-300.0,2370.6762746572495,2446.647258937359,1747.566135764122,1801.3782655596733
-103.64901602268219,-600.0,-600.0,-115.0,-117.36627519130707,-106.77127534151077,1551.7903559803963,2483.3330701589584
-553.4970009326935,-111.07334554195404,-147.97540748119354,-627.0,1797.5531704425812,2296.109992325306,1558.2236750721931,-117.32676124572754
-600.0,-200.0,-313.4970009326935,-537.2056213617325,-103.01011854410172,1827.6281242966652,1916.4804928898811,1459.959757745266
-39.956543028354645,-135.0,-327.0,-142.0,-260.98478323221207,1434.5478860139847,-168.56581318378448,2099.0203545689583
-100.0,-340.0,-521.5054893493652,-600.0,3627.1990540623665,1912.4706237316132,1429.4947164654732,-103.68960535526276
-100.0,-600.0,-268.2056213617325,-537.2056213617325,3907.3098475933075,1630.6150369644165,1934.9523394107819,2384.4633459448814
-119.69622296094894,-309.0,-600.0,-108.00848841667175,3809.8409208655357,1420.4392127990723,1092.3942084908485,1621.0503850579262
-100.0,-600.0,-100.0,-123.00848841667175,4993.749641120434,1850.905500292778,2637.5445187091827,-101.97540748119354
-268.2056213617325,-300.0,-626.5054893493652,-152.50548934936523,2386.598872900009,1961.8137037754059,-102.0,-101.97540748119354
-100.0,-633.0084884166718,-152.50548934936523,-100.0,3771.5030528903008,2216.310573399067,2119.5488788485527,2853.0852920413017
-222.0,-510.0,-600.0,-300.0,4413.065234184265,1800.4043256044388,2061.7297973036766,2279.941946744919
-100.0,-510.0,-447.2056213617325,-510.0,4213.841329932213,2306.9916809797287,1393.2225721478462,2021.7417975664139
-140.0,-600.0,-300.0,-220.76871359348297,3231.7706682682037,1745.4633187651634,910.8303000330925,2626.4014125466347
-300.0,-140.0,-537.2056213617325,-65.6805095076561,-103.42765820026398,2032.3268201351166,2491.7798774838448,3136.077680647373
-558.4970009326935,-340.0,-300.0,-111.07334554195404,3915.4354426264763,1293.6656610369682,1835.830315053463,2831.6039150357246
-100.0,-131.0,-253.49700093269348,-136.07334554195404,3244.3529735803604,2243.404970228672,1986.6174592971802,2644.8371101021767
-327.0,-600.0,-583.2789669036865,-125.20562136173248,3584.0241777300835,1634.6836677789688,2882.9362424612045,2319.586520910263
-100.0,-112.0,-300.0,-665.0,3266.517476975918,1653.7778512835503,2153.5516008734703,2423.5737718343735
-127.85346210002899,-157.0,-314.00848841667175,-100.0,3116.1191971302032,1566.0298421382904,1994.888545036316,1790.8903084993362
-300.0,-126.07334554195404,-600.0,-100.0,4296.019631385803,1164.5581784248352,-129.13212275505066,-125.73955982923508
-72.5716609954834,-620.0,-252.50548934936523,-100.0,4103.049641013145,2191.470177292824,1407.7837157845497,-101.97540748119354
-165.0,-131.0,-614.0084884166718,-300.0,3122.294785261154,2647.113786458969,1769.7952643036842,1059.644168972969
-103.49700093269348,-665.0,-300.0,-100.0,3363.70488935709,1585.8732238411903,2717.516739308834,2660.429619848728
-300.0,-115.0,-600.0,-108.15249013900757,4554.538980126381,1844.360623717308,2397.907223343849,2302.439054608345
-100.0,-573.4970009326935,-340.0,-237.20562136173248,3091.480859398842,1915.5453490018845,1706.0731243491173,2221.804209113121
-105.0,-366.4001067876816,-627.0,-300.0,3463.4103186130524,1279.171128153801,1632.4825350642204,2583.6604567170143
-100.0,-340.0,-300.0,-157.0,2454.4575964212418,2266.410554945469,1707.7283742427826,2341.329094648361
-100.0,-112.0,-665.0,-100.0,2036.8266342282295,1470.4867708086967,2326.345082461834,1916.5418160557747
-100.0,-600.0,-165.62542915344238,-340.0,-122.79552179574966,1179.4175342321396,1451.0945582389832,2521.5582785606384
-114.62542915344238,-152.07334554195404,-600.0,-100.0,2519.626072347164,2379.9005133509636,2081.7764191627502,-102.24709409475327
-17.898231983184814,-105.0,-127.33524966239929,-315.0,3632.147241771221,1971.787894487381,-108.28009164333344,2014.645739853382
-600.0,-510.0,-592.2056213617325,-135.0,2797.5959683060646,-137.74950462579727,2184.099977493286,-109.0
-300.0,-510.0,-300.0,-112.49700093269348,3260.268520772457,1423.3748405575752,1419.8969257473946,-117.7677710056305
-100.0,-600.0,-600.0,-600.0,3812.108759701252,1226.2105357646942,2041.237021803856,1539.548440873623
-100.0,-142.0,-600.0,-290.0,2516.5537029504776,1372.7386874556541,1553.1835306882858,1855.7851831316948
-78.30384755134583,-600.0,-100.0,-100.0,3457.702141702175,-126.6649602651596,1691.4407061338425,2406.9168612957
-300.0,-510.0,-300.0,-108.00848841667175,1750.8885616064072,1242.5310128331184,2470.507436156273,-115.22277098894119
-159.0,-300.0,-237.20562136173248,-277.2056213617325,3345.4719845056534,1485.061331987381,1781.8017837405205,3031.6467198729515
-200.0,-620.0,-600.0,-300.0,4567.525582849979,-160.47594410181046,2461.0724065303802,3346.589373767376
-600.0,-134.0,-600.0,-300.0,2880.4105701446533,1768.6962738633156,1488.3704276680946,2675.379842340946
-521.5054893493652,-510.0,-583.0084884166718,-146.97540748119354,4503.458062410355,1351.6239205598831,2213.4478828310966,1912.797406554222
-100.0,-135.0,-290.0,-140.0,4238.143992841244,1916.5159196257591,2460.8542732596397,2422.8256497979164
-61.23157262802124,-142.0,-253.49700093269348,-100.0,4244.767984867096,1887.495904147625,2063.1664959192276,1495.4648463726044
-100.0,-108.06084036827087,-138.76871359348297,-340.0,4698.570388615131,1852.7622262835503,-102.17569780349731,-110.30216872692108
-100.0,-140.0,-300.0,-112.0,-114.5741930603981,1724.5089761018753,-118.67289394140244,-126.28762513399124
-100.0,-113.50548934936523,-600.0,-142.53238260746002,2131.394620358944,879.5758862495422,1619.1552746891975,1834.8027431368828
-168.20562136173248,-304.0,-600.0,-600.0,-127.25998067855835,1088.9244792461395,703.6724672317505,2723.0299545526505
-105.0,-221.50548934936523,-600.0,-205.0,3689.8264672756195,1076.3705775737762,2249.7791446447372,2863.046191573143
-120.0,-340.0,-646.0,-510.0,2057.4327021837234,1890.2133237719536,1933.890861928463,1606.7723557949066
-100.0,-248.5630922317505,-370.0,-600.0,3818.8799700140953,923.7522384524345,2021.801303088665,2746.4207435250282
-83.05111539363861,-108.00848841667175,-140.0,-300.0,3879.819527745247,1902.7596653103828,1930.374262392521,2145.137565970421
-600.0,-290.0,-340.0,-117.56281757354736,4246.768473863602,-120.03463208675385,1554.5091102719307,2034.4796715378761
-100.0,-105.0,-120.0,-100.0,3573.917117834091,1678.1738724708557,-106.43957436084747,1668.0623279809952
-165.0,-340.0,-600.0,-131.0,3810.5681617856026,1255.9174418449402,1715.3654933571815,257.16408282518387
-100.0,-131.0,-568.2056213617325,-600.0,4621.161486446857,1735.6553906202316,1717.2443393468857,1887.8038066029549
-300.0,-388.50548934936523,-142.0,-131.0,-130.40331262350082,1822.2426922917366,-168.45911210775375,-101.97540748119354
-300.0,-600.0,-648.5630922317505,-140.0,2598.116591513157,1883.8107112646103,1766.0342606306076,2318.5938382148743
-100.0,-600.0,-300.0,-100.0,3620.4550798535347,2218.709496974945,1896.31397408247,2692.6553063988686
38.84228724241257,-600.0,-300.0,-600.0,2649.5172752141953,1511.1937922239304,2506.2343095541,-117.32676124572754
-100.0,-126.07334554195404,-300.0,-300.0,4421.331807434559,1961.781021952629,2203.0196585059166,3165.5315210819244
-600.0,-315.0,-300.0,-300.0,1060.0201511383057,1617.398181259632,1650.443988263607,-119.28422766923904
-100.0,-140.0,-615.0,-300.0,3957.1022896766663,1064.6019592881203,1668.338616013527,2637.8365403413773
-100.0,-360.0,-279.181028842926,-297.6254291534424,2329.273575603962,1998.4835640788078,1659.6860221624374,2591.111153960228
-600.0,-600.0,-300.0,-300.0,2174.293634057045,2429.187131226063,1251.1452150344849,2146.265985786915
-111.07334554195404,-131.0,-600.0,-537.2056213617325,4472.934156537056,1753.715879023075,1924.3001068234444,2237.791406929493
-300.0,-620.0,-140.0,-633.0084884166718,4411.265720665455,2054.1674734950066,1954.0854797363281,2366.3703545928
-133.00848841667175,-125.0,-600.0,-305.0685815811157,3705.280686855316,-104.16844588518143,1729.3567677140236,1471.1756773591042
-100.0,-300.0,-300.0,-600.0,3152.307023525238,1123.6346096396446,1711.4689601063728,1914.4177590608597
-145.0,-300.0,-100.0,-140.0,3473.3252974152565,1463.5403301119804,1953.3099709153175,2391.0963007211685
-100.0,-510.0,-600.0,-357.0,4475.359907150269,1331.8141992092133,802.9978421330452,-106.61682230234146
-100.0,-112.0,-178.45945239067078,-100.0,2596.48089659214,1703.0554529428482,1831.7549594640732,1980.79215580225
-100.0,-510.0,-155.0,-120.0,4775.174181163311,2019.203975558281,2604.0556901693344,2114.6253567934036
-100.0,-600.0,-600.0,-117.0,4299.718917787075,2065.1661794781685,1585.7540531158447,2243.033124923706
-327.0,-135.0,-300.0,-135.0,3593.6734733581543,1132.689668238163,2781.2261239290237,-109.0
-600.0,-531.073345541954,-627.0,-133.61432373523712,2741.157358944416,2089.8679261803627,2518.452353835106,2562.1409071683884
-310.4970009326935,-100.0,-600.0,-100.0,3763.9885492920876,2526.163905799389,1830.2629234194756,2187.1087683439255
-121.50548934936523,-115.0,-296.0,-100.0,3522.7495128512383,1477.668565750122,2318.8180046081543,2093.742888569832
-100.0,-300.0,-253.49700093269348,-165.0,-101.098100066185,1845.5221818089485,913.0705469846725,2188.2095714211464
-345.0,-152.86526095867157,-252.50548934936523,-521.5054893493652,-172.41154968738556,1261.4365763664246,2380.7591937184334,2518.958419263363
-365.00848841667175,-300.0,-300.0,-127.20562136173248,3913.427579522133,2116.174247741699,2838.4310406446457,-110.30216872692108
-100.0,-142.0,-127.20562136173248,-106.09393548965454,4360.282959461212,2193.620043218136,865.6967141628265,2795.087060689926
-186.35670387744904,-100.0,-300.0,-100.0,2512.0190235972404,2072.888802111149,2294.1427389979362,2191.916298508644
-300.0,-510.0,-600.0,-186.0,3874.887380361557,1789.6884478926659,1741.3815913796425,2632.897859275341
-100.0,-300.0,-583.0084884166718,-164.00848841667175,3597.9782842993736,1708.6649967432022,1298.265846312046,2792.25021058321
-100.0,-150.0,-108.00848841667175,-143.66030633449554,3700.6911519765854,1737.1676700115204,1690.1648261547089,2041.0111154913902
-77.80882114171982,-600.0,-665.0,-175.7260547876358,1477.7174282073975,1713.6918596029282,1565.1631202101707,2188.920042991638
-176.69877469539642,-233.27896690368652,-300.0,-566.6578195095062,3107.0028532147408,1817.25965487957,1726.6063049435616,2573.731244444847
-79.1023313999176,-665.0,-653.4970009326935,-155.0,3441.488897025585,1493.377701818943,2275.2238540053368,2078.417323887348
-115.0,-600.0,-200.0,-600.0,2730.5445061922073,-127.01243251562119,-115.02687776088715,2756.760337114334
-531.073345541954,-600.0,-633.0084884166718,-100.0,3818.7169796824455,-107.59427154064178,1499.002695262432,2166.8125444054604
-100.0,-600.0,-600.0,-633.0084884166718,4435.986456334591,1838.4196105599403,2079.1815730929375,2363.8946885466576
-100.0,-108.00848841667175,-600.0,-133.00848841667175,4178.671650290489,-104.9133083820343,1974.8958268165588,2999.550249159336
-100.0,-553.4970009326935,-114.36151432991028,-365.0,3209.709889471531,2659.233162522316,1158.6262836456299,2252.7340049743652
-665.0,-600.0,-600.0,-600.0,2799.4487497210503,2478.724072396755,1541.1739474534988,-102.88992446660995
-120.0,-600.0,-553.4970009326935,-115.0,3605.119977593422,1788.5287411212921,2034.7759552001953,-101.97540748119354
-300.0,-196.07334554195404,-600.0,-112.0,3722.556817114353,1712.4039254188538,1716.0717205405235,1856.844751238823
-100.0,-102.0,-300.0,-322.8127145767212,4843.667789101601,1439.7344593405724,2182.26738601923,1742.7534707784653
-100.0,-510.0,-253.49700093269348,-200.0,3313.2875393033028,1754.819633603096,730.1226074099541,2019.842333972454
-100.0,-600.0,-351.54575395584106,-100.0,4039.3073560595512,2744.354692697525,-100.89060777425766,1398.4240886569023
-100.0,-300.0,-600.0,-300.0,2761.578473031521,-120.16213274002075,1863.3989404439926,1421.5041262507439
-537.2056213617325,-633.0084884166718,-300.0,-100.0,1467.4480715990067,1906.9205325841904,1929.690919816494,-109.0
-107.03886836767197,-600.0,-300.0,-131.0,3623.1244091391563,2501.420931458473,2598.489069223404,2193.5018231868744
-290.0,-600.0,-221.50548934936523,-135.0,2837.647349715233,2106.759361743927,1477.0018587112427,-109.0
-95.24110418558121,-123.27242994308472,-300.0,-100.0,2504.966564834118,1240.0180127620697,1210.9828625321388,-101.97540748119354
-300.0,-300.0,-100.0,-300.0,2217.632729589939,1232.5494473576546,1353.2239645123482,2453.6798546910286
-100.0,-131.0,-100.0,-600.0,3542.684772670269,1359.7920494675636,1718.4760013222694,1736.6544246077538
-220.0,-123.56309223175049,-329.0818339586258,-170.6357138156891,4707.846868515015,2222.7315980792046,1860.7244756221771,-117.32676124572754
-100.0,-600.0,-553.4970009326935,-521.5054893493652,4318.646902382374,2156.8367081284523,1677.4546926021576,-101.97540748119354
-124.12243008613586,-101.46791130304337,-128.79092925786972,-180.0,2931.876310944557,1653.9110308289528,1164.9652152657509,-101.1023343205452
-300.0,-600.0,-154.0818339586258,-165.0,3518.811986744404,2218.3489958643913,1706.1920775175095,1815.116812646389
-100.0,-290.0,-615.0,-600.0,2352.891335964203,1922.200176179409,2701.098229765892,1617.029656946659
-261.5542423725128,-131.0,-333.5630922317505,-205.0,2470.6467124819756,667.8774799108505,2211.6201798319817,-106.93816012144089
-100.0,-521.5054893493652,-600.0,-150.97540748119354,3580.940547347069,1694.3162013292313,1303.1984703540802,1833.899071276188
-100.0,-131.0,-296.0,-248.5630922317505,4662.054439783096,1658.0570195913315,1766.7071239948273,1729.5226728320122
-365.0,-129.98749482631683,-300.0,-140.0,3661.9092279076576,1597.8041466474533,1845.6021128296852,2156.732064783573
-100.0,-300.0,-600.0,-137.20562136173248,4249.420787096024,1840.3614745736122,2369.282719194889,1802.2643930315971
-300.0,-531.073345541954,-600.0,-333.5630922317505,2955.876838326454,1185.3236765265465,897.3958765864372,-109.0
-200.0,-290.0,-221.50548934936523,-373.00848841667175,4655.519032895565,1452.3017109632492,1101.6664655208588,-132.5968418121338
-100.0,-112.0,-300.0,-600.0,4971.134963512421,1915.1770612597466,1746.9953712821007,2368.3845255970955
-100.0,-600.0,-633.0084884166718,-100.0,2651.627536714077,2233.200793504715,2004.6508736014366,1730.6082927584648
-120.0,-510.0,-600.0,-171.07334554195404,4413.966886520386,1784.159013390541,1633.9638910889626,1981.9710205197334
-158.49700093269348,-600.0,-102.62542915344238,-100.0,2474.006842851639,-112.96203184127808,1464.7564727663994,-109.0
-100.0,-115.45449960231781,-252.50548934936523,-300.0,2948.629275918007,1686.9973081946373,1989.4152515530586,-137.9280177950859
-300.0,-100.80423879623413,-253.49700093269348,-388.00848841667175,-117.239033639431,1463.1753066778183,-125.62096381187439,1776.8834022283554
-100.0,-131.0,-243.42853355407715,-300.0,4912.164408862591,1426.3697045445442,2024.9809538125992,-101.30056816339493
-100.0,-102.0,-300.0,-135.0,4192.579850196838,991.209744989872,2614.381145477295,-101.97540748119354
-115.75000941753387,-131.0,-155.0,-100.0,4475.134826719761,1672.7405689954758,1538.5628170371056,3108.5031154751778
-177.853462100029,-600.0,-100.0,-610.5630922317505,2563.92748349905,1246.5704843997955,1335.9028090238571,2652.4990150928497
-100.0,-600.0,-293.4970009326935,-300.0,2616.707927942276,1472.6781032681465,2180.5136184096336,1493.2187430858612
-77.69603681564331,-600.0,-330.86526095867157,-110.0,2778.265412390232,1182.9615835547447,1694.9776372909546,1693.623025238514
-315.0,-131.0,-300.0,-100.0,3636.682885289192,1635.6515213251114,1588.47303378582,2236.538210630417
-100.0,-600.0,-300.0,-100.0,2476.894287109375,1445.06524091959,1247.995150089264,2298.616399228573
-100.0,-600.0,-600.0,-165.0,-100.0818339586258,1728.02612388134,1677.9626652002335,1542.5608763694763
-175.8834047317505,-108.00848841667175,-305.6254291534424,-211.50548934936523,3758.5868415236473,1442.2736691832542,2365.815594434738,2124.156713783741
-100.0,-583.0084884166718,-100.0,-100.0,-105.62057238817215,1224.5931660532951,1542.5788724422455,3472.509294629097
-333.00848841667175,-131.0,-100.0,-141.48089683055878,-109.30836093425751,-112.54443573951721,1965.9594895243645,-114.79685288667679
-120.0,-131.0,-128.07013475894928,-600.0,4360.001827597618,1671.1109471321106,1733.9117568731308,2325.2553741931915
-100.0,-300.0,-656.8971077203751,-211.50548934936523,4338.8843650221825,1560.2192826271057,1055.43401825428,2619.42108720541
-600.0,-600.0,-615.0,-110.86635494232178,2904.1235814094543,1349.1423243880272,927.6671819090843,2338.553151369095
-100.0,-600.0,-300.0,-600.0,3019.340189397335,1383.5391486287117,-140.4116284251213,-110.19880938529968
-100.0,-600.0,-100.0,-157.97643250226974,4081.303181707859,1819.297464966774,1803.3529190421104,1998.7343127131462
-227.853462100029,-131.0,-665.0,-133.00848841667175,4472.043724834919,701.7787625193596,1976.2008014917374,-109.0
-100.0,-150.0,-165.0,-117.20562136173248,3436.1219376325607,913.0226119160652,1884.6941004395485,2434.8445562124252
-300.0,-112.0,-140.0,-307.83105051517487,-103.50460183620453,2212.4606219530106,-100.45449960231781,2039.615297794342
-183.00848841667175,-142.0,-333.00848841667175,-620.0,3017.78817653656,1413.3193858265877,2428.1360493302345,1841.3270825743675
-121.07334554195404,-600.0,-340.0,-600.0,4090.8371675610542,1021.471611559391,1907.616488814354,2551.969518482685
-105.0,-600.0,-300.0,-537.2056213617325,2423.57075715065,1984.442302763462,1628.0759157538414,1720.079285979271
-100.0,-600.0,-350.13256973028183,-108.12511587142944,4066.211809158325,1796.7644999027252,890.1471804976463,-108.79583936929703
-165.0,-600.0,-139.57034647464752,-600.0,3157.9149532318115,1591.2372734546661,1696.5429939627647,2457.939250588417
-100.0,-131.0,-600.0,-313.66030633449554,1728.7171258330345,2166.190832197666,1282.4849708080292,2627.402069926262
-100.0,-615.0,-100.0,-155.0,4346.648917675018,1930.217420399189,1790.5429902076721,-132.99928897619247
-100.0,-510.0,-137.20562136173248,-300.0,3988.923112154007,1490.567341208458,1864.3729102611542,2063.0880087018013
-237.20562136173248,-131.0,-396.0,-100.0,4475.343697965145,1856.5576414465904,2301.140496432781,3442.6420098543167
-300.0,-510.0,-351.2056213617325,-340.0,4228.675146877766,1692.5485484600067,2277.9682084321976,2482.6635536551476
-145.0,-600.0,-365.0,-615.0,2717.78194463253,1766.699893295765,1838.0221917629242,2306.0095782876015
-100.0,-600.0,-365.0,-105.0,1509.987447977066,1637.4738790988922,1227.6595426797867,1935.8172683119774
-100.0,-131.0,-521.5054893493652,-633.0084884166718,2330.283974289894,1691.489956498146,-121.29399877786636,2327.664572417736
-340.0,-108.00848841667175,-373.07334554195404,-100.0,3459.9086354374886,1369.943269252777,-137.07334554195404,-152.9199759364128
-100.0,-100.0,-600.0,-671.9754074811935,4721.317227005959,1975.6591420173645,2637.9911201000214,2826.115306675434
-100.0,-600.0,-188.0,-100.0,2605.5640264749527,2122.7148621082306,2116.4970241189003,-110.30216872692108
-100.0,-105.0,-120.0,-537.2056213617325,3698.7832117676735,1400.4075365662575,1577.437056839466,1426.816216647625
-100.0,-600.0,-664.0084884166718,-300.0,3773.403246462345,1344.6518689990044,1584.2545510530472,1297.9164543151855
-102.0,-510.0,-120.00848841667175,-100.0,2443.3761880993843,1423.8362768292427,1730.2007699012756,2671.831049144268
-200.0,-131.0,-300.0,-200.0,4571.470792889595,1877.2088845968246,1636.122082412243,1862.6182123422623
-100.0,-131.0,-153.49700093269348,-150.0,3616.860497176647,1127.0450597405434,2094.451899409294,1925.4011407494545
-100.0,-100.0,-549.003538608551,-142.0,3475.1904576420784,1836.1178597807884,1553.9364348053932,1083.3401522040367
-600.0,-131.0,-678.889853477478,-140.0,-135.42676973342896,2322.08507835865,1959.8130998015404,2056.4114669561386
-100.0,-510.0,-600.0,-243.8127145767212,2928.436713397503,1246.1195715665817,1434.891252040863,2646.1646291017532
-590.7991696596146,-112.0,-365.0,-283.2789669036865,4385.076469480991,1954.5297714471817,1921.5174634456635,2721.9047640562057
-115.0,-241.20562136173248,-633.0084884166718,-220.0,4421.939415156841,1309.871280491352,2049.3384943008423,2890.545448720455
-653.4970009326935,-112.0,-353.4970009326935,-100.0,3363.661066234112,1818.2046528458595,1733.5480868816376,1987.4587282538414
-600.0,-614.0084884166718,-300.0,-109.57883489131927,3285.0963376164436,2221.262440085411,1654.1614563465118,2307.766896724701
-100.0,-290.0,-153.49700093269348,-102.17118310928345,2647.031221985817,1836.1042214035988,-149.82475864887238,2669.3647177815437
-100.0,-112.0,-121.54575395584106,-100.0,4798.961807966232,-119.26898854970932,1830.6014605760574,-108.0932235121727
-212.71671187877655,-115.50548934936523,-600.0,-600.0,5056.865943193436,688.1965997815132,434.8706859946251,2779.283767282963
-173.59572291374207,-142.0,-108.06009316444397,-133.00848841667175,4168.489696621895,967.5771503448486,1665.577290058136,2031.4435831308365
-100.0,-336.07334554195404,-300.0,-600.0,4350.556034684181,1493.3966792225838,1257.201413333416,1470.5186331868172
-600.0,-307.1307771205902,-510.0,-142.0,4408.281253218651,-115.30927437543869,1996.1000775694847,-109.0
-300.0,-600.0,-108.00848841667175,-600.0,4265.699458539486,2206.525657951832,1991.5823887586594,1123.808482825756
-100.0,-124.0,-155.0,-108.00848841667175,4304.321879029274,2778.9176073670387,-102.01638013124466,2981.6344066262245
-110.52497512102127,-142.0,-358.0,-100.0,2751.7412652373314,1184.2277901768684,1901.0551480054855,2511.1883776783943
-365.0,-626.5054893493652,-600.0,-100.0,2861.2203246951103,-112.7233162522316,1890.76309633255,2662.575272023678
-127.62542915344238,-600.0,-365.0,-308.235563993454,2688.545656323433,516.2311666607857,1980.940554022789,648.9245839118958
-300.0,-100.0,-100.0,-600.0,4772.49963927269,1543.8244220614433,1910.875229716301,1594.844767689705
-100.0,-142.0,-300.0,-142.0,5114.391668200493,1643.073258459568,2083.6152662038803,2196.9467449188232
-172.0,-510.0,-253.49700093269348,-127.20562136173248,2067.997072160244,1852.1692941784859,1656.7872875928879,2926.284597635269
-100.0,-340.0,-155.0,-132.49700093269348,4447.337469756603,1717.2233068346977,980.6784634590149,2988.617124736309
-300.0,-142.0,-348.5630922317505,-100.0,4187.305907309055,1941.2157555222511,2337.872615158558,2503.937477648258
-300.0,-600.0,-296.0,-111.07334554195404,2016.240613758564,1577.8907925486565,2979.996424674988,2632.53611266613
-100.0,-600.0,-600.0,-600.0,3326.7046914100647,1135.0708662867546,1722.632222533226,-108.52778899669647
-115.0,-69.02046066522598,-340.3945952653885,-146.69877469539642,4468.679963827133,1226.930584013462,1802.6685800552368,1882.4789630770683
-100.0,-300.0,-600.0,-100.0,2703.551692903042,1484.8741294145584,1657.2606564760208,2023.5953236818314
-365.0,-315.0,-553.4970009326935,-112.0,-180.39754569530487,1807.0198139548302,2260.090554833412,2329.1242483258247
-115.0,-290.0,-105.0,-353.4970009326935,4412.848841011524,1872.9414767622948,1974.561793267727,1929.5013914108276
-600.0,-600.0,-308.4970009326935,-100.0,1589.6102327108383,2534.410367488861,1510.7535837888718,1833.1105359196663
-300.0,-510.0,-249.97894608974457,-600.0,4281.283421695232,1499.2387689948082,1684.5184220075607,2061.3030737042427
-100.0,-600.0,-600.0,-290.0,3868.1480830311775,2068.171740233898,1366.6894668340683,-105.86510401964188
-113.04875302314758,-131.0,-155.0,-226.1677789092064,3204.1474402546883,1782.96836322546,1787.5854786634445,1983.8045708537102
-25.946035742759705,-131.0,-268.2056213617325,-131.97540748119354,1663.2981048226357,1086.755250632763,1299.162942826748,2058.755753159523
-100.0,-102.0,-200.0,-135.66030633449554,-147.5554095506668,1072.8206813931465,2102.5895161032677,2523.1804639697075
-624.1224300861359,-600.0,-300.0,-112.0,4618.315514743328,-129.70209497213364,1395.498265504837,1803.332601249218
-253.49700093269348,-600.0,-600.0,-100.0,3765.145689845085,2031.9836655855179,2327.439244925976,1838.2713706493378
-300.0,-510.0,-300.0,-181.50548934936523,3849.9958159923553,2280.011600136757,1667.8706263899803,1753.6398795247078
-210.51497131586075,-108.00848841667175,-600.0,-155.0,4765.526325941086,2138.521127164364,1847.9995563030243,2963.2668620944023
-200.0,-140.0,-313.4970009326935,-200.0,2591.9711413383484,2091.2013753056526,2238.3558826446533,2602.8478187918663
105.43623977899551,-133.07334554195404,-365.0,-104.56309223175049,2769.4466549158096,2013.1546855568886,1286.3115524053574,937.0550513863564
-300.0,-102.0,-300.0,-113.07334554195404,4698.411430180073,1293.1823288202286,1388.1088064312935,-109.0
-100.0,-600.0,-665.0,-100.0,3870.9082460403442,953.9574837684631,1569.081626176834,-101.97540748119354
-100.0,-140.0,-105.0,-344.4970009326935,2846.9060282707214,1837.410160779953,2202.6098621487617,-109.0
-600.0,-200.0,-583.0084884166718,-360.0,3196.3077459931374,2152.40178835392,2369.043186724186,2628.1985098719597
-85.40432077646255,-131.0,-176.32676124572754,-174.05724143981934,2572.254446208477,1839.4907110333443,1616.1007602214813,2251.655980527401
-300.0,-131.0,-600.0,-100.0,2939.146069586277,1447.3882161974907,1357.7625888586044,1919.9657836556435
-340.0,-521.5054893493652,-141.50548934936523,-150.0,3690.1360753774643,1607.8954436779022,2721.143504023552,1892.751138150692
-100.0,-600.0,-600.0,-155.0,2316.137060046196,1324.3446072936058,2085.616577208042,2782.217273235321
-600.0,-125.00848841667175,-600.0,-112.0,3167.764124453068,1925.6980792284012,1963.169485270977,1776.0963293910027
-9.491474509239197,-118.0,-142.0,-200.0,3458.7700654268265,1617.8794875741005,1636.7966105937958,1845.6720651388168
-553.4970009326935,-131.0,-537.2056213617325,-100.0,3383.818651139736,2160.655730366707,1321.0003587007523,-109.2588495016098
-196.91841006278992,-510.0,-327.0,-150.0,3360.5100234150887,-117.50108855962753,2353.67721837759,2689.175503909588
-653.4970009326935,-600.0,-155.0,-600.0,-106.7832293510437,2400.0731738209724,1424.995279788971,1498.7510399222374
-140.0,-600.0,-155.0,-112.20562136173248,4590.245400905609,1480.9158535003662,1803.3280744552612,-101.97540748119354
-340.0,-600.0,-169.61194932460785,-100.0,2821.4869298934937,1788.6329822540283,1506.2456524968147,2014.936849951744
-252.50548934936523,-665.0,-310.5630922317505,-376.0434731245041,4196.370241463184,1642.7146971225739,2479.8681622743607,2229.521056354046
-124.80765807628632,-340.0,-281.0355006456375,-115.0,2751.2880969643593,1531.0750777125359,1716.3768869638443,2579.8956404328346
-100.0,-152.07334554195404,-300.0,-268.2056213617325,3944.431710898876,1740.5276075005531,1625.2093132734299,1177.384630382061
-100.0,-300.0,-600.0,-600.0,4462.922340989113,-121.00588190555573,1918.2379376292229,-119.70954883098602
-127.0,-112.49700093269348,-120.0,-235.32676124572754,4565.816551268101,1493.3446395993233,1360.4344127774239,-117.32676124572754
-124.90855544805527,-102.0,-300.0,-100.0,3930.2451984882355,2298.2663492560387,1938.0245598554611,2679.4928077459335
-100.0,-600.0,-100.0,-360.0,4912.836744129658,2429.6056650280952,-112.81848704814911,-109.0
-300.0,-600.0,-600.0,-126.07334554195404,4431.82350063324,1740.3421339988708,1865.9698891043663,1959.2631722092628
-305.6254291534424,-600.0,-600.0,-146.0,4329.471829414368,1986.1273166537285,2013.887795329094,1919.9047818779945
-100.0,-530.4970009326935,-105.0,-537.2056213617325,-104.58109706640244,1988.9438368082047,1710.037568807602,2135.9509015083313
-100.0,-600.0,-600.0,-128.49700093269348,-203.94983381032944,-124.1418861746788,1621.8626220226288,-109.0
-300.0,-600.0,-600.0,-202.8127145767212,1826.1094955801964,1409.9035326838493,1945.1490650773048,2982.359124004841
-100.0,-115.0,-300.0,-131.0,3287.9390102028847,1241.7744878530502,1515.4755883812904,1980.229009091854
-553.4970009326935,-131.0,-616.5715806484222,-600.0,3468.7214900255203,1594.779143691063,1871.8662291765213,3084.5037066936493
-340.0,-620.0,-521.5054893493652,-300.0,3664.4804832339287,1347.3381593823433,2231.0644500255585,-119.30420130491257
-100.0,-221.50548934936523,-290.0,-620.0,2941.8299166560173,1709.1646422743797,-186.0005266070366,1907.2454921603203
-123.63421750068665,-100.0,-127.20562136173248,-117.0,3938.1735770106316,1550.172752380371,1932.7342816591263,1852.9330563545227
-100.0,-492.2238258123398,-300.0,-180.0,4385.657069146633,2029.1994872689247,2213.5246887803078,1092.1315659284592
-200.0,-106.0,-600.0,-100.0,3504.2815690636635,1879.988619506359,1519.8596752882004,2032.067378282547
-225.0,-600.0,-120.0,-600.0,3711.38245344162,1884.1225563287735,1621.7986441254616,2355.6105622649193
-100.0,-600.0,-600.0,-315.0,4656.4055861234665,2788.8202652931213,3000.409424841404,2416.27440738678
-200.0,-111.07334554195404,-600.0,-614.0084884166718,2570.913326561451,1411.627842605114,2146.072446167469,1815.3344330191612
-100.0,-388.50548934936523,-112.0,-102.33335971832275,4754.448780238628,1376.9348508119583,1801.3944581151009,1859.6765797138214
-100.0,-253.49700093269348,-111.07334554195404,-124.76871359348297,3896.5960688591003,2341.6168450713158,1783.6584643125534,2481.4308535456657
-100.0,-600.0,-115.0,-300.0,2472.4808331131935,2621.624845325947,1493.258333325386,2358.7284368276596
-382.065443277359,-510.0,-300.0,-131.0,4188.957282662392,1864.0174338817596,1659.878339767456,2950.4734196066856
-146.78791177272797,-150.0,-315.0,-106.46298801898956,4337.631483852863,-121.7253686785698,1607.9603310227394,1965.5020297765732
-100.0,-510.0,-633.0084884166718,-137.20562136173248,3650.240533232689,1467.6946815252304,1798.5511938333511,2564.4840192198753
-100.0,-131.0,-600.0,-100.0,2643.9504110217094,1336.381123661995,1413.955877006054,-101.97540748119354
-115.62542915344238,-290.0,-600.0,-171.20562136173248,2660.4335216879845,1383.6393076777458,1851.2846567630768,1313.65010535717
-100.0,-510.0,-300.0,-300.0,3509.7066138982773,2011.4577707648277,1808.8006594777107,2067.1131100058556
-100.0,-115.0,-600.0,-360.0,3703.471678674221,1339.0133209824562,1778.8065970540047,1671.6874024868011
-115.62542915344238,-510.0,-117.0,-117.0,3431.9697946310043,1467.301758825779,-125.53082937002182,2059.782306134701
-147.06858158111572,-112.0,-600.0,-131.0,4515.935740530491,-143.80716961622238,3033.9893651008606,3025.179385781288
-300.0,-290.0,-159.18102884292603,-100.0,2156.7563949227333,1482.1924304366112,2388.2158510684967,2522.6808948516846
-48.51671755313873,-600.0,-176.32676124572754,-216.97540748119354,3171.4018908143044,-129.08335787057877,-109.19878208637238,-125.8541973233223
-100.0,-340.0,-123.00848841667175,-114.9838958978653,3710.8447316884995,1165.7288429141045,-125.35035902261734,2631.589099109173
-100.0,-254.28223550319672,-120.0,-117.0,-130.71444487571716,1352.844198346138,2066.3339025378227,-114.9770839214325
-100.0,-510.0,-300.0,-100.0,4396.709191799164,1075.0142632126808,-115.26745158433914,2316.2185981869698
-100.0,-510.0,-169.0818339586258,-665.0,2553.983662545681,1461.6796080470085,1114.0229434370995,2695.7873263955116
-353.8076580762863,-131.0,-165.0,-360.0,2579.232805609703,-102.11342525482178,1983.801597237587,2261.855221569538
-340.0,-510.0,-300.0,-254.81250429153442,4009.787784576416,1350.9180898070335,1478.895180940628,2068.8581609129906
-327.0,-300.0,-148.0,-155.0,-106.58589553833008,-114.51461893320084,2014.2935832738876,-121.77547365427017
-100.0,-600.0,-633.0084884166718,-537.2056213617325,2542.8950533866882,1325.173026561737,1326.1434870362282,2059.69766664505
-69.81562983989716,-510.0,-600.0,-600.0,4890.128536939621,1693.9089971780777,1654.0856128335,2380.091196835041
-553.4970009326935,-119.15773451328278,-300.0,-491.4591584801674,4443.122195720673,1849.4779291749,1878.955998659134,2306.6300656199455
-217.57883489131927,-487.1577345132828,-176.49700093269348,-600.0,5032.234487712383,-113.32226169109344,2228.4035444259644,-109.0
-534.3267612457275,-131.0,-600.0,-300.0,3763.519881427288,2139.0464583039284,2103.557846903801,2457.574855208397
-135.49700093269348,-600.0,-120.0,-200.0,4116.96467602253,1237.2627251148224,1695.46199208498,-109.0
-670.0,-600.0,-188.0,-114.0,2691.412624180317,1499.1739625930786,1736.4971857070923,3043.659743666649
-237.20562136173248,-348.7900574207306,-333.00848841667175,-111.0,2833.7435724139214,2142.6400197148323,2129.916441500187,1469.612803041935
-182.8127145767212,-131.0,-315.0,-115.0,3386.3892837762833,2713.415189743042,-124.67671704292297,2992.1702923178673
-100.0,-105.0,-600.0,-300.0,2914.907401740551,1024.9498296380043,2007.1373489499092,2231.0943233966827
-116.57158064842224,-600.0,-111.07334554195404,-100.0,4366.900341272354,1387.6224752664566,1560.2078323364258,-150.8905897140503
-100.0,-510.0,-100.0,-100.92233324050903,4176.65313243866,1630.3234585523605,2491.1475118994713,-101.97540748119354
-315.0,-140.0,-120.0,-300.0,-115.87111896276474,2088.820053219795,2228.249169886112,3200.4400394558907
-159.3695279955864,-277.2056213617325,-364.00848841667175,-600.0,3232.335167527199,1823.0487879514694,1719.2216007113457,-112.22843158245087
-200.0,-131.0,-600.0,-300.0,4625.605242490768,1441.0288347005844,1181.346842944622,-101.97540748119354
-140.67418217658997,-131.0,-127.0,-100.0,4628.433413505554,1339.3956519961357,-137.693196952343,-101.97540748119354
-600.0,-340.0,-300.0,-300.0,4895.4028777480125,2330.529718875885,1453.3405445218086,2257.3368926644325
-253.49700093269348,-305.6254291534424,-665.0,-600.0,2017.1931245326996,1675.6593614816666,1249.346819639206,1310.596640586853
-300.0,-142.0,-111.07334554195404,-100.0,4808.5176938176155,-116.60565400123596,1958.701546907425,-101.03927475214005
-300.0,-112.0,-600.0,-600.0,2164.098802089691,2024.0819600224495,1384.5436718463898,2906.675002515316
-166.44718623161316,-600.0,-310.5630922317505,-600.0,4678.807108581066,-109.89184498786926,1287.206256210804,2027.4336706399918
-300.0,-131.0,-653.4970009326935,-300.0,4237.5304980278015,-101.18273288011551,1813.8263304829597,2098.6271275281906
-100.0,-111.0,-300.0,-111.0,4188.119507551193,-108.6386941075325,2337.5786761045456,3111.1730496883392
-59.14100682735443,-311.07334554195404,-600.0,-665.0,4311.693613946438,3007.2049065828323,2315.0899987220764,2306.6712357997894
-100.0,-600.0,-379.0818339586258,-600.0,5137.743008315563,-129.0294035077095,2160.961486518383,-109.0
-105.0326401591301,-600.0,-365.0,-101.32676124572754,4643.399809539318,1694.9080749750137,1595.662823498249,2517.112122654915
-100.0,-131.0,-633.0084884166718,-620.0,4456.889671444893,945.3251247406006,2447.8665736317635,-113.91457098722458
-100.0,-290.0,-300.0,-600.0,3072.841338276863,1900.9866993427277,1172.9955143928528,-122.51463901996613
-35.18217545747757,-336.07334554195404,-139.20562136173248,-131.0,2537.7988948225975,1927.2860777974129,2299.533711850643,1875.339376270771
-360.0,-477.2056213617325,-160.47240841388702,-111.0,-102.24314540624619,1221.952669262886,2464.13416659832,2363.4355999827385
-327.0,-458.4808968305588,-665.0,-665.0,3880.6786383390427,2471.8311695456505,2262.9660304784775,2390.2997376918793
-100.0,-510.0,-600.0,-321.50548934936523,4365.863513350487,935.4554018974304,2049.4901072382927,-110.68342763185501
-100.0,-300.0,-124.4067052602768,-105.0,4495.2164197564125,1758.3742544651031,1909.2543966174126,2220.0017489790916
-171.34059977531433,-142.0,-150.0,-600.0,4141.432144701481,2040.2984407544136,1988.9743691682816,1779.722185254097
-359.6416175365448,-131.0,-600.0,-180.0,2291.564942598343,1957.5746385455132,-110.32551139593124,2198.154379963875
-100.0,-131.0,-300.0,-600.0,4188.664714515209,2654.1717230677605,979.9937779307365,2734.972575366497
-100.0,-510.0,-165.0,-100.0,2747.966991007328,1819.5278989076614,2278.9937163591385,1919.2093294262886
-105.0,-340.0,-114.0,-524.1224300861359,2894.227098286152,1941.256550848484,1514.3060853481293,2675.033245444298
-171.0,-338.75316751003265,-104.72871732711792,-679.0818339586258,2561.5676034092903,1122.0765658020973,2273.545082449913,-101.97540748119354
-200.0,-300.0,-615.0,-184.0,-217.09014874696732,1657.1621016860008,2346.1353068351746,-117.32676124572754
-100.0,-142.0,-600.0,-215.0,3569.445063173771,-102.48788279294968,2046.5814982056618,1886.424635708332
-153.49700093269348,-300.0,-608.4970009326935,-300.0,3982.191341459751,2487.2887952923775,2924.134982228279,2286.790753722191
-122.99211210012436,-510.0,-126.07334554195404,-600.0,4219.300093114376,-119.00367826223373,2167.8664333820343,-109.0
-100.0,-600.0,-300.0,-155.0,4217.14735609293,2210.989313006401,1885.4223368763924,2792.0531026124954
-300.0,-300.0,-300.0,-600.0,2885.9538830518723,1980.0290758013725,2560.4589287638664,-109.0
-161.07334554195404,-340.0,-253.49700093269348,-100.0,3938.257972061634,2442.896095454693,2317.82369107008,2231.485461950302
-32.15033560991287,-303.32676124572754,-600.0,-100.0,3975.278172016144,-122.81636720895767,2258.913332402706,2693.716711819172
-212.71671187877655,-633.0084884166718,-121.0,-633.0084884166718,4024.9824101924896,1310.8983186483383,2028.8759289383888,2172.8107517957687
-121.65537178516388,-600.0,-142.0,-600.0,4615.4128677845,-100.79277318716049,-169.42474818229675,-101.97540748119354
-178.92371118068695,-110.49700093269348,-120.0,-100.0,-116.18436121940613,2071.90321624279,1748.6743038892746,1930.6578644514084
-100.0,-290.0,-171.0,-138.0,4552.269707381725,1962.1737018823624,1057.0008029937744,2191.8809824585915
-568.4967188835144,-131.0,-300.0,-112.20562136173248,-107.54061627388,1962.128768324852,1460.2016900777817,2338.6592448353767
-100.0,-584.1309185028076,-111.55424237251282,-541.5054893493652,1988.7561312913895,1972.104964196682,2564.0424851179123,-101.16937398910522
-100.0,-300.0,-537.2056213617325,-130.5630922317505,3703.482609629631,1720.3511001467705,1300.7332897782326,2045.47176527977
-8.915262758731842,-300.0,-600.0,-191.0,1157.1273432970047,1798.6623052954674,1728.3530805110931,-109.0
-100.0,-510.0,-300.0,-100.0,-118.16765213012695,2294.3009557724,1434.9572821855545,-109.0
-100.0,-108.00848841667175,-600.0,-100.0,4600.373817622662,1951.8089545369148,1913.2620258331299,-101.97540748119354
-100.0,-135.0,-100.0,-105.0,1221.739542067051,1978.1773834824562,1537.6055716276169,1870.8993777632713
-317.57158064842224,-600.0,-300.0,-360.0,-104.97668415307999,1106.8448610901833,1184.4026808142662,1326.3524152040482
-100.0,-615.0,-300.0,-100.0,2301.1198903918266,1793.0344081521034,-111.22841012477875,3341.5186791419983
-101.75459218025208,-131.0,-600.0,-135.0,-113.97540748119354,1260.013132095337,1380.2080891728401,1584.7093933820724
-307.341539144516,-118.38500028848648,-665.0,-115.95219039916992,-109.1920155286789,2913.4609238505363,1602.4945216178894,2392.0067812800407
-100.0,-142.0,-245.32676124572754,-120.0,2267.734286367893,-115.77312099933624,1615.5276454091072,2329.4538227319717
-553.4970009326935,-340.0,-200.0,-100.0,2436.1834157705307,1569.3460338711739,2293.9065410494804,2744.297115445137
-100.0,-420.4970009326935,-600.0,-300.0,2524.643929898739,1958.7293938398361,1527.6851882338524,2502.967258274555
-75.40556693077087,-600.0,-600.0,-568.2056213617325,3180.9969176650047,1914.6521716713905,2261.7920531630516,2771.1783594489098
-600.0,-510.0,-340.0,-100.0,3626.216516017914,1009.888284265995,1581.2754160165787,2459.945868909359
-100.0,-112.0,-600.0,-100.0,4268.161376237869,1562.655689060688,1725.635348379612,2085.3363889455795
